{
  "dataset": [],
  "qualityReport": {
    "reliability": {
      "cohensKappa": 1,
      "fleissKappa": 1,
      "krippendorffsAlpha": -0.9585303205198354,
      "pearsonCorrelation": -0.9999999999843667,
      "icc": -0.9585303205198354
    },
    "qualityMetrics": {
      "averageQuality": 0.8645392403201788,
      "expertConsistency": 0.9999776811578747,
      "taskCount": 2
    },
    "statisticalValidation": {
      "sampleSize": 203,
      "targetSize": 64,
      "adequateSampleSize": true,
      "confidenceScore": 0.95,
      "method": "statistical_validation"
    },
    "overallQuality": 0.9543573083276286,
    "qualityGate": {
      "passed": true,
      "threshold": 0.85,
      "score": 0.9543573083276286
    },
    "productionReady": true
  },
  "productionMetrics": {
    "realTimeStats": {
      "totalTasks": 203,
      "completedTasks": 203,
      "activeExperts": 0,
      "currentReliability": 0,
      "qualityGateStatus": "PENDING"
    },
    "expertPerformance": {
      "expert_2": {
        "tasksCompleted": 3,
        "accuracy": [
          {
            "clarity": 0.8935451288783433,
            "completeness": 0.8684138540373524,
            "specificity": 0.8335414721725233,
            "actionability": 0.8417743472482484,
            "overall": 0.8632392150050767,
            "metadata": {
              "expertId": "expert_2",
              "timeSpent": 6.858068048424702,
              "confidence": 0.8068604409581105
            }
          },
          {
            "clarity": 0.8158731843857826,
            "completeness": 0.9577768215246815,
            "specificity": 1,
            "actionability": 0.7936773262800823,
            "overall": 0.9011466007151515,
            "metadata": {
              "expertId": "expert_2",
              "timeSpent": 8.610297261715916,
              "confidence": 0.93848326457797
            }
          },
          {
            "clarity": 0.9081667076246976,
            "completeness": 0.8443767366674962,
            "specificity": 0.867707607095527,
            "actionability": 0.8597785344486405,
            "overall": 0.8716567152288359,
            "metadata": {
              "expertId": "expert_2",
              "timeSpent": 5.460060180457307,
              "confidence": 0.9026942641984332
            }
          }
        ],
        "speed": [
          {
            "timeSpent": 6.858068048424702,
            "taskType": "moderate"
          },
          {
            "timeSpent": 8.610297261715916,
            "taskType": "complex"
          },
          {
            "timeSpent": 5.460060180457307,
            "taskType": "moderate"
          }
        ],
        "reliability": 0.9997358358280682,
        "status": "paused",
        "qualityFailures": 3
      },
      "expert_10": {
        "tasksCompleted": 3,
        "accuracy": [
          {
            "clarity": 0.9204221851761023,
            "completeness": 0.8319649968316923,
            "specificity": 0.8376964958885784,
            "actionability": 0.8648453157084618,
            "overall": 0.8648670759307522,
            "metadata": {
              "expertId": "expert_10",
              "timeSpent": 6.452329721713376,
              "confidence": 0.8576847008963505
            }
          },
          {
            "clarity": 0.9013687041244232,
            "completeness": 0.831260206842653,
            "specificity": 0.8487801603694543,
            "actionability": 0.8427349448904243,
            "overall": 0.8583939551160501,
            "metadata": {
              "expertId": "expert_10",
              "timeSpent": 5.949298231465306,
              "confidence": 0.7853313775198821
            }
          },
          {
            "clarity": 0.9061710730739169,
            "completeness": 0.8607082466033041,
            "specificity": 0.8278522262307331,
            "actionability": 0.8590755587034561,
            "overall": 0.8658881862663679,
            "metadata": {
              "expertId": "expert_10",
              "timeSpent": 5.560051742703639,
              "confidence": 0.7241899701055255
            }
          }
        ],
        "speed": [
          {
            "timeSpent": 6.452329721713376,
            "taskType": "moderate"
          },
          {
            "timeSpent": 5.949298231465306,
            "taskType": "moderate"
          },
          {
            "timeSpent": 5.560051742703639,
            "taskType": "moderate"
          }
        ],
        "reliability": 0.9999889880600074,
        "status": "paused",
        "qualityFailures": 3
      }
    },
    "productionStatus": "completed",
    "qualityGate": "PENDING",
    "timestamp": "2025-07-03T12:13:51.006Z"
  },
  "recommendations": [
    {
      "type": "production_deployment",
      "priority": "high",
      "message": "Dataset meets production quality requirements and is ready for deployment",
      "status": "approved"
    }
  ],
  "timestamp": "2025-07-03T12:13:51.007Z",
  "version": "1.0.0"
}