{
  "timestamp": "2025-07-23T17:35:30.746407",
  "baseline": {
    "queries": 1000,
    "avg_query_time_ms": 45.2,
    "qps": 22.123893805309734,
    "db_connections": 1000
  },
  "optimized": {
    "queries": 1000,
    "cache_hits": 750,
    "cache_hit_rate": 0.75,
    "avg_query_time_ms": 11.9,
    "qps": 84.03361344537815,
    "db_connections": 32
  },
  "improvements": {
    "db_load_reduction_percent": 79.36,
    "query_time_improvement_percent": 73.67256637168143,
    "throughput_improvement_percent": 279.8319327731092,
    "target_achieved": true
  },
  "roi": {
    "monthly_savings_usd": 285.69599999999997,
    "annual_savings_usd": 3428.352,
    "roi_percent": 476.15999999999997
  }
}